<application>
  <component name="CodeFoldingSettings">
    <option name="COLLAPSE_IMPORTS" value="false" />
    <option name="COLLAPSE_FILE_HEADER" value="false" />
  </component>
  <component name="CodeInsightSettings">
    <option name="completionCaseSensitive" value="2" />
    <option name="AUTO_POPUP_PARAMETER_INFO" value="false" />
    <option name="AUTO_POPUP_COMPLETION_LOOKUP" value="false" />
    <option name="COMPLETION_CASE_SENSITIVE" value="2" />
    <option name="REFORMAT_ON_PASTE" value="1" />
    <option name="INDENT_TO_CARET_ON_PASTE" value="true" />
  </component>
  <component name="CodeVisionSettings">
    <option name="enabled" value="false" />
  </component>
  <component name="DeclarativeInlayHintsSettings">
    <option name="providerIdToEnabled">
      <map>
        <entry key="js.type.hints" value="false" />
        <entry key="ts.type.hints" value="false" />
      </map>
    </option>
  </component>
  <component name="EditorSettings">
    <option name="languageBreadcrumbsMap">
      <map>
        <entry key="Python" value="true" />
      </map>
    </option>
    <option name="USE_SOFT_WRAPS" value="" />
    <option name="USE_CUSTOM_SOFT_WRAP_INDENT" value="false" />
    <option name="SHOW_BREADCRUMBS_ABOVE" value="true" />
    <option name="SHOW_STICKY_LINES" value="false" />
    <option name="IS_INDENT_GUIDES_SHOWN" value="false" />
    <option name="IS_ANIMATED_SCROLLING" value="false" />
    <option name="INSERT_PARENTHESES_AUTOMATICALLY" value="false" />
  </component>
  <component name="InlineCompletionOnboarding">
    <option name="onboardingFinished" value="true" />
  </component>
</application>