<application>
  <component name="Trusted.Paths">
    <option name="TRUSTED_PROJECT_PATHS">
      <map>
        <entry key="C:\Users\eshudr00\Downloads\cisco-deal-base-bf8d4363738969a464142fd2f6a5bfb02bcf5f3e" value="true" />
        <entry key="C:\Users\eshudr00\Downloads\google_python-255253b12e244eca6f97f734715a3c30d5a22002" value="true" />
        <entry key="C:\Users\eshudr00\Downloads\google_python-255253b12e244eca6f97f734715a3c30d5a22002(1)" value="true" />
        <entry key="C:\Users\eshudr00\Downloads\google_python-6c559890ff9ed071c06a6c44a3dc9bd5054fd010" value="true" />
        <entry key="C:\Users\eshudr00\Downloads\google_python-d091d860bb3430f5ccda77143358610008b964fb" value="true" />
        <entry key="C:\Users\eshudr00\Downloads\o365_python-feature-SUPSCIT-4083-enhancement-403-error-handler@640948ba64d" value="true" />
        <entry key="C:\Users\eshudr00\Downloads\o365_python-feature-XDSB-88-improvements-on-message-localization@a73bda63ee3" value="true" />
        <entry key="C:\Users\rhudzdev\Downloads\google_python-b971032db1f6108a3f135f69bf2249b93c6185fa" value="true" />
        <entry key="C:\Users\rhudzdev\Downloads\microsoft-extension-service-974983e11e13341757e0babf65ccf356c8433de7" value="true" />
        <entry key="C:\Users\rhudzdev\Downloads\microsoft-extension-service-release-COAD-4522-transfers-microsoft@96c2816cbc7" value="true" />
        <entry key="C:\Users\rhudzdev\PycharmProjects\pythonProject" value="true" />
        <entry key="C:\d\01\connect" value="true" />
        <entry key="C:\d\01\generic-seamless-move-extension" value="true" />
        <entry key="C:\d\01\google-management-settings" value="true" />
        <entry key="C:\d\temp\google-management-settings" value="true" />
        <entry key="C:\d\work\aad-manager_python" value="true" />
        <entry key="C:\d\work\google\google_python" value="true" />
        <entry key="C:\d\work\google\google_workspace" value="true" />
        <entry key="C:\d\work\google\google_workspace_education_python" value="true" />
        <entry key="C:\d\work\microsoft-extension-service" value="true" />
        <entry key="C:\d\work\ms-analytics\microsoft-extension-for-analytics-and-management" value="true" />
        <entry key="C:\d\work\o365\o365_python" value="true" />
        <entry key="C:\d\work\other\pytest" value="true" />
        <entry key="C:\d\work\projects\insights-extension-multi-account" value="true" />
        <entry key="c:\d\01\azure-nce-ri-processor" value="true" />
        <entry key="c:\d\02\google_workspace_education_python" value="true" />
        <entry key="c:\d\temp\azure-nce-processor" value="true" />
        <entry key="c:\d\temp\docusign_python" value="true" />
        <entry key="c:\d\temp\generic-seamless-move-extension" value="true" />
        <entry key="c:\d\temp\google_python" value="true" />
        <entry key="c:\d\temp\google_python-8711e08c506784261f9ad1e9db18d5f2112f59ef" value="true" />
        <entry key="c:\d\temp\o365_python" value="true" />
        <entry key="c:\d\work\connect-devops-testing-library" value="true" />
        <entry key="c:\d\work\dropbox\dropbox_python" value="true" />
        <entry key="c:\d\work\dtl" value="true" />
        <entry key="c:\d\work\google\google-management-settings" value="true" />
        <entry key="c:\d\work\google\google_python_ruben" value="true" />
        <entry key="c:\d\work\google\google_workspace" value="true" />
        <entry key="c:\d\work\google\google_workspace_education_python" value="true" />
        <entry key="c:\d\work\microsoft-analytics-and-management\microsoft-extension-for-analytics-and-management" value="true" />
        <entry key="c:\d\work\mms\microsoft-extension-service" value="true" />
        <entry key="c:\d\work\ms-analytics\microsoft-extension-for-analytics-and-management" value="true" />
        <entry key="c:\d\work\o365\o365_python" value="true" />
        <entry key="c:\d\work\other\connect-devops-testing-library" value="true" />
        <entry key="c:\d\work\other\mca-bulk-acceptance" value="true" />
        <entry key="c:\d\work\projects\aad-manager_python" value="true" />
        <entry key="c:\d\work\projects\gcp-bigquery-export-multi-account" value="true" />
        <entry key="c:\d\work\projects\insights-extension-multi-account" value="true" />
        <entry key="c:\d\work\projects\letsignit_python" value="true" />
        <entry key="c:\d\work\temp\o365_python-esther" value="true" />
      </map>
    </option>
  </component>
  <component name="Trusted.Paths.Settings">
    <option name="TRUSTED_PATHS">
      <list>
        <option value="c:\d\work\o365" />
        <option value="C:\d\work" />
        <option value="c:\d\temp" />
        <option value="c:\d\01" />
      </list>
    </option>
  </component>
</application>