<application>
  <component name="UISettings">
    <option name="CONSOLE_CYCLE_BUFFER_SIZE_KB" value="10240" />
    <option name="DIFFERENTIATE_PROJECTS" value="false" />
    <option name="FULL_PATHS_IN_TITLE_BAR" value="true" />
    <option name="MAX_LOOKUP_LIST_HEIGHT" value="17" />
    <option name="MAX_LOOKUP_WIDTH2" value="831" />
    <option name="NAVIGATION_BAR_LOCATION" value="TOP" />
    <option name="OVERRIDE_CONSOLE_CYCLE_BUFFER_SIZE" value="true" />
    <option name="smoothScrolling" value="false" />
    <option name="CONTRAST_SCROLLBARS" value="true" />
  </component>
</application>