<application>
  <component name="DimensionService">
    <location key="find.popup.0.0.1920.1080@120dpi" x="367" y="81" />
    <size key="GridCell.Tab.0.left.0.0.1920.1080" width="1838" height="507" />
    <size key="GridCell.Tab.0.center.0.0.1920.1080" width="1838" height="507" />
    <size key="GridCell.Tab.0.right.0.0.1920.1080" width="1838" height="507" />
    <size key="GridCell.Tab.0.bottom.0.0.1920.1080" width="1838" height="507" />
    <size key="find.popup.0.0.1920.1080@120dpi" width="741" height="702" />
    <size key="GridCell.Tab.0.left.0.0.1920.1080@120dpi" width="1277" height="574" />
    <size key="GridCell.Tab.0.center.0.0.1920.1080@120dpi" width="1277" height="574" />
    <size key="GridCell.Tab.0.right.0.0.1920.1080@120dpi" width="1277" height="574" />
    <size key="GridCell.Tab.0.bottom.0.0.1920.1080@120dpi" width="1277" height="574" />
    <size key="GridCell.Tab.1.left.0.0.1920.1080@120dpi" width="1920" height="930" />
    <size key="GridCell.Tab.1.center.0.0.1920.1080@120dpi" width="1920" height="930" />
    <size key="GridCell.Tab.1.right.0.0.1920.1080@120dpi" width="1920" height="930" />
    <size key="GridCell.Tab.1.bottom.0.0.1920.1080@120dpi" width="1920" height="930" />
    <size key="GridCell.Tab.1.left.1920.0.1920.1080@120dpi" width="1818" height="365" />
    <size key="GridCell.Tab.1.center.1920.0.1920.1080@120dpi" width="1818" height="365" />
    <size key="GridCell.Tab.1.right.1920.0.1920.1080@120dpi" width="1818" height="365" />
    <size key="GridCell.Tab.1.bottom.1920.0.1920.1080@120dpi" width="1818" height="365" />
    <size key="GridCell.Tab.0.left.1920.0.1920.1080@120dpi" width="1818" height="241" />
    <size key="GridCell.Tab.0.center.1920.0.1920.1080@120dpi" width="1818" height="241" />
    <size key="GridCell.Tab.0.right.1920.0.1920.1080@120dpi" width="1818" height="241" />
    <size key="GridCell.Tab.0.bottom.1920.0.1920.1080@120dpi" width="1818" height="241" />
    <size key="GridCell.Tab.0.left.-2880.0.1920.1080@180dpi" width="1922" height="908" />
    <size key="GridCell.Tab.0.center.-2880.0.1920.1080@180dpi" width="1922" height="908" />
    <size key="GridCell.Tab.0.right.-2880.0.1920.1080@180dpi" width="1922" height="908" />
    <size key="GridCell.Tab.0.bottom.-2880.0.1920.1080@180dpi" width="1922" height="908" />
    <size key="GridCell.Tab.0.left.0.0.1920.1080@180dpi" width="2880" height="1407" />
    <size key="GridCell.Tab.0.center.0.0.1920.1080@180dpi" width="2880" height="1407" />
    <size key="GridCell.Tab.0.right.0.0.1920.1080@180dpi" width="2880" height="1407" />
    <size key="GridCell.Tab.0.bottom.0.0.1920.1080@180dpi" width="2880" height="1407" />
    <size key="GridCell.Tab.1.left.0.0.1920.1080@180dpi" width="2865" height="935" />
    <size key="GridCell.Tab.1.center.0.0.1920.1080@180dpi" width="2865" height="935" />
    <size key="GridCell.Tab.1.right.0.0.1920.1080@180dpi" width="2865" height="935" />
    <size key="GridCell.Tab.1.bottom.0.0.1920.1080@180dpi" width="2865" height="935" />
    <size key="GridCell.Tab.1.left.-2880.0.1920.1080@180dpi" width="1922" height="908" />
    <size key="GridCell.Tab.1.center.-2880.0.1920.1080@180dpi" width="1922" height="908" />
    <size key="GridCell.Tab.1.right.-2880.0.1920.1080@180dpi" width="1922" height="908" />
    <size key="GridCell.Tab.1.bottom.-2880.0.1920.1080@180dpi" width="1922" height="908" />
    <size key="GridCell.Tab.2.left.0.0.1920.1080@120dpi" width="1920" height="982" />
    <size key="GridCell.Tab.2.center.0.0.1920.1080@120dpi" width="1920" height="982" />
    <size key="GridCell.Tab.2.right.0.0.1920.1080@120dpi" width="1920" height="982" />
    <size key="GridCell.Tab.2.bottom.0.0.1920.1080@120dpi" width="1920" height="982" />
    <size key="GridCell.Tab.3.left.0.0.1920.1080@120dpi" width="1920" height="982" />
    <size key="GridCell.Tab.3.center.0.0.1920.1080@120dpi" width="1920" height="982" />
    <size key="GridCell.Tab.3.right.0.0.1920.1080@120dpi" width="1920" height="982" />
    <size key="GridCell.Tab.3.bottom.0.0.1920.1080@120dpi" width="1920" height="982" />
    <size key="GridCell.Tab.0.left.2880.0.1920.1080@180dpi" width="1922" height="857" />
    <size key="GridCell.Tab.0.center.2880.0.1920.1080@180dpi" width="1922" height="857" />
    <size key="GridCell.Tab.0.right.2880.0.1920.1080@180dpi" width="1922" height="857" />
    <size key="GridCell.Tab.0.bottom.2880.0.1920.1080@180dpi" width="1922" height="857" />
    <size key="GridCell.Tab.1.left.2880.0.1920.1080@180dpi" width="1922" height="869" />
    <size key="GridCell.Tab.1.center.2880.0.1920.1080@180dpi" width="1922" height="869" />
    <size key="GridCell.Tab.1.right.2880.0.1920.1080@180dpi" width="1922" height="869" />
    <size key="GridCell.Tab.1.bottom.2880.0.1920.1080@180dpi" width="1922" height="869" />
    <size key="GridCell.Tab.0.left.-1920.0.1920.1080@120dpi" width="1818" height="291" />
    <size key="GridCell.Tab.0.center.-1920.0.1920.1080@120dpi" width="1818" height="291" />
    <size key="GridCell.Tab.0.right.-1920.0.1920.1080@120dpi" width="1818" height="291" />
    <size key="GridCell.Tab.0.bottom.-1920.0.1920.1080@120dpi" width="1818" height="291" />
    <size key="GridCell.Tab.1.left.-1920.0.1920.1080@120dpi" width="1280" height="578" />
    <size key="GridCell.Tab.1.center.-1920.0.1920.1080@120dpi" width="1280" height="578" />
    <size key="GridCell.Tab.1.right.-1920.0.1920.1080@120dpi" width="1280" height="578" />
    <size key="GridCell.Tab.1.bottom.-1920.0.1920.1080@120dpi" width="1280" height="578" />
    <size key="GridCell.Tab.0.left.0.0.1920.1080@210dpi" width="1924" height="912" />
    <size key="GridCell.Tab.0.center.0.0.1920.1080@210dpi" width="1924" height="912" />
    <size key="GridCell.Tab.0.right.0.0.1920.1080@210dpi" width="1924" height="912" />
    <size key="GridCell.Tab.0.bottom.0.0.1920.1080@210dpi" width="1924" height="912" />
    <size key="GridCell.Tab.0.left.0.0.1920.1080@150dpi" width="1922" height="958" />
    <size key="GridCell.Tab.0.center.0.0.1920.1080@150dpi" width="1922" height="958" />
    <size key="GridCell.Tab.0.right.0.0.1920.1080@150dpi" width="1922" height="958" />
    <size key="GridCell.Tab.0.bottom.0.0.1920.1080@150dpi" width="1922" height="958" />
    <size key="GridCell.Tab.1.left.0.0.1920.1080@150dpi" width="1922" height="958" />
    <size key="GridCell.Tab.1.center.0.0.1920.1080@150dpi" width="1922" height="958" />
    <size key="GridCell.Tab.1.right.0.0.1920.1080@150dpi" width="1922" height="958" />
    <size key="GridCell.Tab.1.bottom.0.0.1920.1080@150dpi" width="1922" height="958" />
  </component>
  <component name="WindowManager">
    <frame x="1" y="1" width="1918" height="1030" extendedState="6" />
  </component>
  <component name="WindowStateApplicationService">
    <state width="1052" height="565" key="ShowUsagesActions.dimensionServiceKey.ideScale=110" timestamp="1768843128340">
      <screen x="0" y="0" width="1920" height="1032" />
    </state>
    <state width="593" height="228" key="ShowUsagesActions.dimensionServiceKey.ideScale=110/0.0.1280.680" timestamp="1760985682464" />
    <state width="746" height="228" key="ShowUsagesActions.dimensionServiceKey.ideScale=110/0.0.1280.680/-1920.0.1920.1040" timestamp="1766148269346" />
    <state width="1044" height="325" key="ShowUsagesActions.dimensionServiceKey.ideScale=110/1920.0.1280.688/-1920.0.1920.1032/0.0.1920.1032" timestamp="1768576203493" />
    <state width="1052" height="565" key="ShowUsagesActions.dimensionServiceKey.ideScale=110/1920.0.1280.688/0.0.1920.1032" timestamp="1768843128340" />
    <state width="775" height="408" key="ShowUsagesActions.dimensionServiceKey.ideScale=110/1920.0.1280.693/-1920.0.1920.1040/0.0.1920.1040" timestamp="1764949772088" />
    <state width="845" height="408" key="ShowUsagesActions.dimensionServiceKey.ideScale=110/1920.0.1280.693/0.0.1920.1040" timestamp="1765282800695" />
    <state width="674" height="138" key="ShowUsagesActions.dimensionServiceKey.ideScale=110/1920.0.1280.693/0.0.1920.1040/-1920.0.1920.1040" timestamp="1764769212887" />
    <state x="960" y="494" width="1250" height="900" key="WELCOME_SCREEN.ideScale=110" timestamp="1769002064438">
      <screen x="0" y="0" width="1920" height="1032" />
    </state>
    <state x="722" y="18726" width="1250" height="900" key="WELCOME_SCREEN.ideScale=110/0.0.1280.672" timestamp="1768748361904" />
    <state x="848" y="480" width="1250" height="900" key="WELCOME_SCREEN.ideScale=110/0.0.1280.680" timestamp="1760985309313" />
    <state x="-961" y="529" width="1875" height="1094" key="WELCOME_SCREEN.ideScale=110/0.0.1280.680/-1920.0.1920.1040" timestamp="1767192182294" />
    <state x="960" y="494" width="1250" height="900" key="WELCOME_SCREEN.ideScale=110/1920.0.1280.688/-1920.0.1920.1032/0.0.1920.1032" timestamp="1768561597984" />
    <state x="960" y="494" width="1250" height="900" key="WELCOME_SCREEN.ideScale=110/1920.0.1280.688/0.0.1920.1032" timestamp="1769002064438" />
    <state x="960" y="494" width="1250" height="900" key="WELCOME_SCREEN.ideScale=110/1920.0.1280.688/0.0.1920.1032/-1920.0.1920.1032" timestamp="1768933789906" />
    <state x="960" y="496" width="1250" height="900" key="WELCOME_SCREEN.ideScale=110/1920.0.1280.693/-1920.0.1920.1040/0.0.1920.1040" timestamp="1767619841503" />
    <state x="960" y="496" width="1250" height="900" key="WELCOME_SCREEN.ideScale=110/1920.0.1280.693/0.0.1920.1040" timestamp="1766050801755" />
    <state x="960" y="496" width="1250" height="900" key="WELCOME_SCREEN.ideScale=110/1920.0.1280.693/0.0.1920.1040/-1920.0.1920.1040" timestamp="1767112130839" />
    <state x="301" y="0" key="search.everywhere.popup.ideScale=110" timestamp="1768748355310">
      <screen x="0" y="0" width="1280" height="672" />
    </state>
    <state x="301" y="0" key="search.everywhere.popup.ideScale=110/0.0.1280.672" timestamp="1768748355310" />
  </component>
</application>