<application>
  <component name="com.intellij.ide.ui.customization.CustomActionsSchema">
    <group value="tasks.toolbar" is_group="true" action_type="-1" position="15">
      <path value="root" />
      <path value="Main Toolbar" />
      <option name="myInitialPosition" value="-1" />
    </group>
    <group value="OpenFileInConsoleToolbarAction" is_action="true" action_type="-1" position="14">
      <path value="root" />
      <path value="Main Toolbar" />
      <option name="myInitialPosition" value="-1" />
    </group>
    <group value="MainToolBarSettings" is_group="true" action_type="-1" position="10">
      <path value="root" />
      <path value="Main Toolbar" />
      <option name="myInitialPosition" value="-1" />
    </group>
    <group value="CodeWithMeNavbarGroup" is_group="true" action_type="-1" position="0">
      <path value="root" />
      <path value="Navigation Bar Toolbar" />
      <option name="myInitialPosition" value="-1" />
    </group>
    <group value="ShowSettings" is_action="true" action_type="1" position="0">
      <path value="root" />
      <path value="Navigation Bar Toolbar" />
      <option name="myInitialPosition" value="-1" />
    </group>
    <group seperator="true" action_type="1" position="1">
      <path value="root" />
      <path value="Navigation Bar Toolbar" />
      <option name="myInitialPosition" value="-1" />
    </group>
    <group value="RunClass" is_group="true" action_type="1" position="3">
      <path value="root" />
      <path value="Main Toolbar" />
      <path value="Toolbar Run Actions" />
      <option name="myInitialPosition" value="-1" />
    </group>
    <group value="DebugClass" is_group="true" action_type="1" position="4">
      <path value="root" />
      <path value="Main Toolbar" />
      <path value="Toolbar Run Actions" />
      <option name="myInitialPosition" value="-1" />
    </group>
    <group value="Tool_External Tools_Flake8" is_group="true" action_type="1" position="5">
      <path value="root" />
      <path value="Main Toolbar" />
      <path value="Toolbar Run Actions" />
      <option name="myInitialPosition" value="-1" />
    </group>
  </component>
</application>