<application>
  <component name="CodeFoldingSettings">
    <option name="COLLAPSE_IMPORTS" value="false" />
    <option name="COLLAPSE_FILE_HEADER" value="false" />
  </component>
  <component name="CodeInsightSettings">
    <option name="AUTO_POPUP_PARAMETER_INFO" value="false" />
    <option name="AUTO_POPUP_COMPLETION_LOOKUP" value="false" />
    <option name="JAVADOC_STUB_ON_ENTER" value="false" />
    <option name="SURROUND_SELECTION_ON_QUOTE_TYPED" value="false" />
    <option name="AUTOINSERT_PAIR_BRACKET" value="false" />
    <option name="AUTOINSERT_PAIR_QUOTE" value="false" />
    <option name="REFORMAT_BLOCK_ON_RBRACE" value="false" />
    <option name="INDENT_TO_CARET_ON_PASTE" value="true" />
    <option name="TAB_EXITS_BRACKETS_AND_QUOTES" value="false" />
  </component>
  <component name="DaemonCodeAnalyzerSettings" profile="Python" />
  <component name="DefaultFont">
    <option name="FONT_SIZE" value="16" />
    <option name="FONT_FAMILY" value="Consolas" />
    <option name="FONT_REGULAR_SUB_FAMILY" value="Regular" />
    <option name="FONT_BOLD_SUB_FAMILY" value="Bold" />
    <option name="LINE_SPACING" value="1.1" />
  </component>
  <component name="EditorSettings">
    <option name="USE_SOFT_WRAPS" value="" />
    <option name="STRIP_TRAILING_SPACES" value="Whole" />
    <option name="IS_ENSURE_NEWLINE_AT_EOF" value="true" />
    <option name="REMOVE_TRAILING_BLANK_LINES" value="true" />
    <option name="SHOW_QUICK_DOC_ON_MOUSE_OVER_ELEMENT" value="false" />
    <option name="IS_ANIMATED_SCROLLING" value="false" />
    <option name="IS_MOUSE_CLICK_SELECTION_HONORS_CAMEL_WORDS" value="false" />
    <option name="ADD_CARETS_ON_DOUBLE_CTRL" value="false" />
    <option name="KEEP_TRAILING_SPACE_ON_CARET_LINE" value="false" />
  </component>
</application>