<application>
  <component name="FileTypeManager" version="18">
    <ignoreFiles list="*$py.class;*.pyc;*.pyo;*.rbc;*.yarb;*~;.DS_Store;.git;.hg;.svn;CVS;__pycache__;_svn;vssver.scc;vssver2.scc" />
    <extensionMap>
      <mapping pattern="cextrun_bak" type="AUTO_DETECTED" />
      <mapping pattern="cextrun" type="AUTO_DETECTED" />
      <mapping pattern="b" type="Native" />
      <mapping pattern=".dropbox_extension_dev.env" type="Native" />
      <mapping ext="env" type="PLAIN_TEXT" />
      <removed_mapping ext="csv" approved="true" type="CSV/TSV" />
      <removed_mapping ext="env" approved="true" type=".env file" />
      <removed_mapping ext="env" approved="true" type="Env File" />
      <removed_mapping ext="tsv" approved="true" type="CSV/TSV" />
    </extensionMap>
  </component>
</application>