<code_scheme name="_Work" version="173">
  <option name="RIGHT_MARGIN" value="999" />
  <Python>
    <option name="ALIGN_COLLECTIONS_AND_COMPREHENSIONS" value="false" />
    <option name="ALIGN_MULTILINE_IMPORTS" value="false" />
    <option name="NEW_LINE_AFTER_COLON_MULTI_CLAUSE" value="false" />
    <option name="DICT_WRAPPING" value="0" />
    <option name="FROM_IMPORT_WRAPPING" value="0" />
  </Python>
  <codeStyleSettings language="Python">
    <option name="RIGHT_MARGIN" value="999" />
    <option name="KEEP_LINE_BREAKS" value="false" />
    <option name="ALIGN_MULTILINE_PARAMETERS" value="false" />
    <option name="ALIGN_MULTILINE_PARAMETERS_IN_CALLS" value="false" />
    <option name="CALL_PARAMETERS_WRAP" value="0" />
    <option name="METHOD_PARAMETERS_WRAP" value="0" />
    <indentOptions>
      <option name="KEEP_INDENTS_ON_EMPTY_LINES" value="true" />
    </indentOptions>
  </codeStyleSettings>
</code_scheme>