<profile version="1.0">
  <option name="myName" value="_Work" />
  <inspection_tool class="GrazieInspection" enabled="false" level="TYPO" enabled_by_default="false" />
  <inspection_tool class="LanguageDetectionInspection" enabled="false" level="WARNING" enabled_by_default="false" />
  <inspection_tool class="PyArgumentListInspection" enabled="true" level="ERROR" enabled_by_default="true" />
  <inspection_tool class="PyIncorrectDocstringInspection" enabled="false" level="WEAK WARNING" enabled_by_default="false" />
  <inspection_tool class="PyPep8Inspection" enabled="false" level="WEAK WARNING" enabled_by_default="false">
    <option name="ignoredErrors">
      <list>
        <option value="E501" />
      </list>
    </option>
  </inspection_tool>
  <inspection_tool class="PyPep8NamingInspection" enabled="false" level="WEAK WARNING" enabled_by_default="false" />
  <inspection_tool class="PyUnresolvedReferencesInspection" enabled="true" level="ERROR" enabled_by_default="true">
    <option name="ignoredIdentifiers">
      <list>
        <option value="tests.unit.assets.test_change_request.TeamException" />
      </list>
    </option>
  </inspection_tool>
  <inspection_tool class="SpellCheckingInspection" enabled="false" level="TYPO" enabled_by_default="false">
    <option name="processCode" value="true" />
    <option name="processLiterals" value="true" />
    <option name="processComments" value="true" />
  </inspection_tool>
</profile>