<code_scheme name="Default" version="173">
  <option name="RIGHT_MARGIN" value="130" />
  <Python>
    <option name="OPTIMIZE_IMPORTS_SORT_IMPORTS" value="false" />
    <option name="FROM_IMPORT_NEW_LINE_AFTER_LEFT_PARENTHESIS" value="true" />
    <option name="FROM_IMPORT_NEW_LINE_BEFORE_RIGHT_PARENTHESIS" value="true" />
    <option name="FROM_IMPORT_PARENTHESES_FORCE_IF_MULTILINE" value="true" />
  </Python>
  <codeStyleSettings language="Python">
    <option name="RIGHT_MARGIN" value="130" />
  </codeStyleSettings>
</code_scheme>